no,light_num,crossway_num,center,lanes,max_spd,road_length,road_bt,school_num,stations,police_num,label
1,4,0,1,1.66666667,56.66666667,400.1548515,11.8,0,0,0,34
2,31,8,0,3.25,55,80.72226112,23.5,1,1,0,407
3,12,4,0,3.16666667,56.66666667,242.4482212,29,0,0,1,213
4,8,4,1,3,56.66666667,508.8941937,13,1,2,1,7
5,15,7,0,1.91666667,35,119.8547957,15.2,1,0,0,163
6,18,3,0,1.625,48.75,255.0964763,9.49157143,0,0,0,171
7,14,2,0,3,50,528.0690624,15.75,1,0,0,124
8,16,5,0,1.625,48.75,255.0964763,7.063,0,0,0,70
9,17,3,1,3,50,394.0994004,29.3075,0,0,0,64
10,20,7,1,3.66666667,66.66666667,388.8553877,36.7433333,1,0,0,594
11,10,3,2,3.25,61.66666667,395.2646256,29.8075,1,0,0,149
12,18,3,0,2.25,52.5,152.2191629,24.446,2,1,0,96
13,29,6,0,2.6,48,206.020625,23.246,1,0,0,214
14,0,0,1,3,60,381.4872256,21,0,0,0,11
15,12,0,0,1.25,37.5,211.7854394,25,2,1,0,7
16,12,5,2,3,60,417.3336604,31,0,0,0,110
17,1,0,0,1,30,226.1009597,19,1,0,0,7
18,8,0,0,2.5,50,268.7015878,30,0,0,0,40
19,16,4,0,2,60,431.9381002,30,0,0,0,148
20,11,4,0,2.33333333,66.66666667,317.1370608,20.6666666,3,0,0,167
21,12,1,0,1,30,233.9945166,20,1,1,0,14
22,14,0,0,1.5,45,212.1350683,25,0,0,0,48
23,15,6,0,3.625,60,270.487677,23.6666666,6,0,0,597
24,19,3,0,3.5,62.5,189.0772339,40,0,1,0,311
25,9,0,0,2.33333333,53.33333333,319.8038891,30,0,0,0,4
26,10,5,0,3.5,52.5,382.5966303,36,1,0,0,469
27,7,1,0,3,60,406.929639,34.5,0,0,0,29
28,20,5,0,1.75,60,286.5573902,18.2,0,0,0,88
29,0,1,0,3,60,859.0634853,20.5,0,0,0,6
30,19,3,0,2.625,65,313.6446637,15,0,0,0,208
31,16,3,1,2.83333333,50,258.1470294,12.75,1,0,1,270
32,10,3,0,2,45,269.3266709,23.5,1,0,1,158
33,18,4,0,1.625,45,104.3181184,30,0,0,0,12
34,0,0,0,2.75,47.5,160.8586267,37.5,0,0,0,13
35,0,0,0,1.5,35,218.5445243,27.5,0,0,0,11
36,0,0,0,1.5,40,311.2161281,27.5,0,0,0,6
37,0,0,2,3.66666667,80,93.76839808,40,0,0,0,2
38,32,7,0,2.25,60,288.7963396,9.5,3,0,0,308
39,24,4,0,2,52.5,444.2194905,17,0,1,0,158
40,24,4,0,2.125,60,461.0301169,16.6666666,5,0,0,139
41,24,4,2,1.5,50,198.4083203,11,1,0,0,211
42,20,4,0,2.66666667,53.33333333,185.5170881,17,5,0,0,82
43,11,2,0,2.83333333,56.66666667,186.6848063,14.6,0,0,1,239
44,20,5,2,2.875,60,258.0584227,22.3333333,0,0,0,338
45,10,3,0,2.25,47.5,345.7298866,19.75,1,0,0,91
46,14,3,0,1.5,36,311.7021915,22,1,0,0,98
47,23,3,0,1.66666667,60,123.2746716,17.5,1,1,0,85
48,22,9,1,3.625,62.5,326.1197623,35,0,1,0,501
49,8,2,0,2.5,52.5,104.8838801,20,0,1,0,69
50,29,5,0,2.1,48,289.1659696,29.5,1,0,0,356
51,11,4,0,2.25,65,170.5089273,9.5,0,0,1,346
52,7,2,0,2.25,55,123.9343795,23.3333333,0,0,0,95
53,18,5,0,1.625,60,214.0273783,16,1,0,0,120
54,2,1,1,1.66666667,43.33333333,352.1992328,26,1,0,0,7
55,25,6,0,3,60,392.4349764,22.6666666,1,1,0,665
56,14,5,0,3,63.33333333,626.79927,9.85714286,0,0,1,349
57,24,3,1,2,60,576.4684501,14.2,0,0,1,79
58,12,5,0,2,45,309.6305107,17,1,1,0,205
59,21,6,0,2.7,54,254.1156183,18.25,1,1,0,294
60,14,4,0,2.4,54,251.4778843,20.3333333,1,1,0,130
61,10,2,1,2,60,1071.528944,29,0,0,0,26
62,12,5,1,2.66666667,56.66666667,177.1961388,12.7142857,1,0,0,226
63,38,8,0,3.375,60,180.2026403,27.5,4,0,0,499
64,12,4,0,2.25,45,207.4038426,12,0,0,0,275
65,27,6,2,2.75,57.5,384.2739219,25.3333333,1,0,0,274
66,4,1,1,2.5,60,296.1592769,10.5,1,0,0,13
67,10,2,0,2.5,50,183.691126,9.28571429,0,0,0,144
68,22,5,0,2,60,328.5664322,11.75,0,0,0,114
69,16,5,0,1.75,52.5,183.7202907,10.8571428,0,1,0,338
70,21,4,0,1,37.5,298.1535445,5.8,1,0,0,267
71,16,4,2,1.75,58.75,377.2100086,12,0,0,0,691
72,18,4,0,2.375,55,289.1599574,22.5,0,1,1,455
73,18,3,1,2,53.33333333,349.1165351,30.6,0,0,0,154
74,34,2,0,2.375,45,295.9741515,24.3333333,1,0,0,131
75,14,5,0,2.5,52.5,357.3120582,17.6666666,3,0,0,265
76,13,4,0,2,55,383.7446212,20,0,0,1,270
77,20,4,0,2.66666667,55,210.0868565,21.75,0,1,0,452
78,31,4,0,3.33333333,57.77777778,79.10650459,37.5,1,0,0,891
79,20,6,0,3.16666667,56.66666667,411.0292808,17.3333333,0,0,0,288
80,30,5,0,3.375,60,208.1491124,32,4,1,0,300
81,16,4,0,3.125,45,166.3608998,26.3333333,2,0,1,406
82,12,8,2,1.25,56.25,283.6644328,14.1428571,0,1,1,143
83,17,5,1,2.75,57.5,173.3218695,20.25,1,0,0,595
84,20,6,1,2,43.33333333,482.5345148,30,0,0,0,490
85,19,5,0,1.5,52.5,194.7498212,14,0,0,0,44
86,24,4,0,1.5,60,228.2488128,14,2,1,0,73
87,20,4,0,2,52.5,298.1176588,18.5,3,0,1,156
88,17,5,0,2.41666667,50,359.8447472,23.5,3,0,1,241
89,14,3,0,2.66666667,60,140.2683266,25,0,0,0,88
90,0,1,0,3,60,1101.60633,18.25,2,0,0,57
91,5,1,0,3.33333333,66.66666667,322.0031752,31.6666666,1,1,0,437
92,28,9,1,2.4,57.33333333,296.59486,36,0,0,0,550
93,24,6,0,2.9,54,231.5034925,26.6666666,0,1,1,575
94,16,4,0,3.33333333,66.66666667,322.0031752,35,0,1,1,482
95,15,7,0,3.16666667,56.66666667,229.3031508,23.6666666,3,0,0,735
96,25,4,0,2.5,52.5,300.0032407,28,2,0,1,256
97,0,2,0,2.33333333,63.33333333,336.978136,31.5,0,0,0,38
98,0,1,1,2,60,752.4335591,31.5,0,0,0,55
99,0,2,0,2.66666667,60,357.5920603,32,0,0,0,23
100,6,5,3,2.2,64,279.4904962,24,1,0,0,51
101,16,5,0,2.875,56.25,294.3641484,21.5,0,0,0,199
102,16,4,0,1.625,40,409.1121184,14.25,0,0,0,46
103,10,2,0,1.66666667,40,236.0432324,15,4,0,0,34
104,19,4,0,3,50,176.8367934,25.6666666,1,0,0,309
105,15,5,0,2.875,52.5,302.9524058,22,2,0,0,187
106,10,3,1,2.4,60,247.1184929,34.6666666,0,0,0,156
107,11,1,0,1.66666667,30,302.9183734,17,3,0,0,59
108,9,2,0,3.08333333,66.66666667,654.6175718,31.5,0,0,0,177
109,10,3,0,3.08333333,66.66666667,654.6175718,31.5,0,0,0,132
110,17,5,0,3.25,60,185.9690518,16.6666666,0,1,0,333
111,15,6,1,2.21428571,37.14285714,185.7872954,19.75,1,0,0,182
112,6,2,0,3.28571429,65.71428571,628.7226476,32,0,0,0,20
113,7,2,4,2.875,60,176.3967321,24.5,0,1,0,22
114,20,8,1,2.4,58,274.1781406,26,0,1,0,250
115,7,1,0,2,55,260.7679204,10.1666666,0,0,0,25
116,13,5,0,2.5,55,244.3412596,24,0,0,0,303
117,8,2,1,1.875,60,539.0029867,15.2222222,1,0,0,48
118,8,3,0,2.25,45,435.1467978,29.3333333,1,0,0,41
119,1,1,1,2.2,56,236.1971502,24.3333333,0,1,1,16
120,8,0,1,2.57142857,57.14285714,229.5481954,24.3333333,0,1,1,149
121,29,8,1,3.75,60,301.9716148,39,2,0,0,275
122,18,3,0,2.83333333,50,307.055983,19,0,1,0,78
123,16,6,0,2,60,238.3450403,10.1666666,0,0,0,257
124,14,4,0,2.83333333,61.66666667,156.7875886,20,0,0,0,276
125,11,2,0,1.6,60,307.1446289,22,0,0,0,46
126,17,3,0,3.83333333,53.33333333,298.8911548,35.5,0,0,0,74
127,13,4,0,1,45,236.7826716,15,3,0,0,35
128,29,5,1,3.25,58.75,164.3935019,22.4,0,0,0,619
129,10,3,0,1.5,60,129.7544107,17.5,3,0,0,47
130,15,5,0,2.125,60,172.1917834,22.5,1,0,0,198
131,8,2,0,2.57142857,57.14285714,349.8481639,26,2,0,0,61
132,12,2,0,1.75,52.5,432.8969928,11.6666666,3,1,0,235
133,24,4,0,1,37.5,358.221527,15,1,1,0,55
134,19,3,1,2.08333333,60,410.3955504,15.625,0,0,1,586
135,2,1,1,2.71428571,47.14285714,233.5283994,34.5,1,0,0,2
136,8,1,0,3.2,60,120.5888105,26.5,3,0,0,132
137,10,3,0,2.83333333,60,353.7859818,36.5,0,0,0,92
138,9,2,0,1.33333333,56.66666667,306.7751379,18,0,0,0,20
139,13,3,0,1.5,56.66666667,259.1593541,17.3333333,0,1,0,44
140,12,8,0,2.53846154,42.30769231,149.3910898,20,1,0,0,263
141,15,2,1,3.66666667,53.33333333,543.0094129,28.25,0,0,0,523
142,13,8,0,3.375,60,199.854741,32.5,1,0,0,388
143,13,5,0,1.875,52.5,314.9024946,24,0,0,0,82
144,10,3,0,2.85714286,70,246.6572186,32.5,2,0,0,129
145,22,3,0,1.4,60,231.4178868,18,1,1,0,126
146,33,8,0,2.16666667,55,308.9235743,19.125,0,0,2,621
147,4,2,0,2.5,60,140.532816,13.5,1,0,1,43
148,19,4,0,1.5,37.5,324.4748259,11.4,1,0,1,100
149,14,4,0,3.5,60,231.8885553,32.5,2,0,1,104
150,19,2,1,2.55555556,61.11111111,384.7147799,21.1666666,0,1,0,119
151,21,4,0,1.25,37.5,270.496373,9,1,0,0,98
152,18,4,0,3,60,169.6639249,32,1,0,1,107
153,14,4,0,2.61538462,53.07692308,82.34847188,29.3333333,2,0,0,229
154,17,7,0,2.33333333,60,244.1328279,23.5,2,0,1,203
155,8,2,0,2.6,60,185.7556425,37.5,0,0,0,470
156,9,1,0,1.9375,50.625,138.3706804,20,0,0,0,134
157,9,3,0,2.66666667,60,280.40419,29,0,1,1,69
158,17,4,0,2.63636364,51.81818182,234.0769244,23.75,2,0,0,337
159,16,4,0,2.125,60,200.4835778,9.22222222,0,0,0,94
160,18,8,0,3.08333333,50,95.43124194,38.5,0,0,0,435
161,8,4,0,1.75,60,299.547787,12.8,0,0,0,72
162,32,5,0,2.6,60,311.1277707,23,1,1,0,1033
163,13,3,0,2,60,255.3640127,21,0,1,1,29
164,14,4,1,2,57.5,207.2006108,25,1,1,0,132
165,19,2,1,2.33333333,50,708.4137667,18.3333333,0,1,0,485
166,12,5,0,2,60,363.0782848,11.4,0,1,0,124
167,26,9,0,3.125,65,346.9896919,32.5,1,0,1,519
168,15,4,0,2.5625,60,169.1987185,19.3333333,0,0,0,559
169,16,4,0,3.33333333,60,295.6715448,35,0,0,0,544
170,13,3,0,3.5,65,462.1930204,35,1,0,0,932
171,16,6,0,3,60,290.5940118,30,3,0,1,365
172,24,7,2,3.25,60,235.6136948,22,0,0,0,336
173,14,3,0,2.5625,60,169.1987185,13.8,0,0,0,522
174,15,4,1,3.5,57.5,333.8668516,31,0,0,0,671
175,12,4,0,3,57.5,197.7311031,15.6666666,0,0,0,299
176,27,4,0,3.375,52.5,182.9303251,19.25,0,0,0,1125
177,0,0,2,3.5,60,139.2627164,43.6666666,1,0,0,8
178,7,6,0,1.7,48,249.720394,10.6,1,0,0,28
179,26,3,0,2.33333333,60,261.1761169,18.6666666,0,0,1,145
180,12,7,0,2.9375,54.375,124.9884732,34.5,0,0,0,315
181,16,5,0,1.5,30,361.2903967,12.4,0,0,0,50
182,3,0,1,1.85714286,42.85714286,338.8644058,18.6,1,0,0,20
183,19,4,0,3.66666667,60,256.2053157,37.5,0,0,0,174
184,17,6,0,2.25,47.5,426.1051029,27.5,1,0,1,339
185,9,3,1,2.78947368,54.73684211,352.9111934,32.5,1,0,0,10
186,14,3,0,3.5,65,332.142274,12.5714285,0,0,1,1037
187,13,6,0,2.75,50,320.3891811,12.8571428,0,0,0,244
188,33,5,1,2.625,52.5,260.2534513,12.0518,0,0,0,373
189,7,2,1,2.1,54,119.6640556,31,0,1,0,28
190,15,2,3,2.36363636,60,195.161887,15.2857142,0,0,0,49
191,19,4,0,2,60,363.3086999,13,1,0,0,179
192,14,5,0,2.875,52.5,327.8160924,11.8,0,0,0,416
193,36,5,2,2.36363636,60,195.161887,11.75,0,0,0,116
194,22,4,0,1.375,52.5,358.5477612,15.3333333,1,0,0,62
195,13,2,1,4,66.66666667,220.1319659,26,0,0,0,306
196,22,11,0,2.27777778,40,109.1060009,14.8,0,1,1,466
197,16,4,0,2,52.5,566.3775191,12.4,2,0,0,267
198,15,5,2,4,66.66666667,232.7846849,24.6666666,1,0,0,267
199,19,4,0,3.75,52.5,459.9178361,29,0,1,0,431
200,10,2,2,3.125,60,407.9335567,24,0,0,0,600
201,11,3,0,2,60,419.5026971,10.8,0,0,1,247
202,22,5,0,2.875,60,324.1728554,24.3333333,1,0,0,252
203,13,6,0,3,45,326.0307593,11.3333333,2,0,0,369
204,4,6,0,2.75,55,412.5963882,11.7142857,0,0,1,432
205,12,4,0,1,30,264.0315474,8.66666667,2,0,0,28
206,10,3,0,2,60,410.3739198,11.6,0,0,0,267
207,0,1,0,3.14285714,55.71428571,155.2099865,35,0,1,0,57
208,0,1,1,2.22222222,43.33333333,134.5561631,15.4,0,1,1,39
209,19,5,0,2.875,60,432.3083882,30,0,0,0,691
210,15,3,2,2.84615385,53.07692308,453.1681147,40.5,0,1,0,342
211,24,8,0,3,35,325.2379108,17.5,0,0,0,437
212,13,9,0,1.625,35,396.5006287,11.1666666,0,0,0,51
213,15,3,0,2,47.5,373.7845567,13.25,1,1,0,194
214,23,4,0,2,60,242.0123204,14.2857142,0,0,0,128
215,19,10,1,2.5,56,315.2089461,12.1428571,0,0,0,298
216,14,4,0,3.42857143,48.57142857,272.4151248,14.3333333,2,1,0,314
217,13,5,0,1.8,60,364.8666134,15,1,0,0,217
218,23,6,0,3.42857143,48.57142857,272.4151248,20.5,1,0,0,522
219,16,5,0,2.5,45,157.9163832,23.25,1,0,0,129
220,0,1,0,2.66666667,40,277.7952614,17,0,0,1,38
221,14,3,0,2.33333333,30,245.4443528,17.5,0,0,0,101
222,14,5,2,3.5,60,334.0706111,33.4,0,0,1,1006
223,24,4,0,2.2,30,150.2678321,22.3333333,2,0,0,320
224,9,2,0,2.66666667,60,390.3169407,21.3333333,0,0,0,321
225,18,4,1,3.5,50,269.2120758,19,0,1,2,497
226,12,4,0,2,52.5,386.1924749,20,1,0,0,74
227,7,3,0,2.33333333,60,437.1635674,10.8,1,0,0,92
228,21,5,0,1.75,52.5,269.723649,11.6666666,0,0,0,222
229,15,4,0,2.125,52.5,180.1567586,14.3333333,1,1,0,244
230,18,5,0,2.375,32.5,423.2372743,21.5,0,1,0,191
231,12,4,0,2.28571429,51.42857143,573.3860217,20.8,1,0,0,138
232,19,5,0,2.125,45,292.6766927,14.25,1,1,0,390
233,12,3,0,1.66666667,50,193.6828121,12.3333333,0,0,1,92
234,18,4,0,2.45454545,40.90909091,397.3887979,16,1,0,0,497
235,13,4,0,1.875,52.5,257.9344586,14.8,0,0,0,185
236,12,3,1,2.66666667,60,171.1970337,9.42857143,0,0,0,182
237,11,3,0,1.75,47.5,364.9837412,10.2,2,0,0,163
238,14,4,0,3,52.5,273.3464546,13.5,1,0,0,581
239,23,4,0,2.2,48,221.7825154,23.3333333,1,1,1,288
240,16,3,0,1.42857143,50,124.7987822,11.75,0,0,0,85
241,18,5,0,2.09090909,49.09090909,339.1415983,14,0,0,0,279
242,15,4,0,1.25,42.5,281.7650542,12.25,1,0,0,212
243,1,0,0,4.22222222,73.33333333,1239.69834,45,0,0,0,10
244,1,0,0,4.22222222,73.33333333,1239.69834,45,0,0,0,93
245,19,4,0,2.2,46,385.9842208,18.8,1,1,0,265
246,34,4,1,3.3,56,493.2349958,36.5,1,0,0,464
247,30,6,0,2.125,55,315.635949,22.5,1,0,1,320
248,20,5,0,2.69230769,55.38461538,224.3148503,18.6666666,0,0,0,872
249,28,8,0,2.125,55,315.635949,11.8,1,0,1,342
250,10,4,0,1.83333333,33.33333333,390.6183414,11.3333333,4,0,0,64
251,17,4,0,2.33333333,55.55555556,490.4086482,22.8,1,1,1,387
252,30,9,2,3.41666667,55,103.0074791,24.8333333,1,1,1,488
253,16,4,0,2.9,46,276.1619058,30,0,0,0,309
254,19,5,2,1.875,42.5,397.2074515,15.6666666,0,0,1,203
255,28,4,0,1.625,50,245.4451715,24,0,0,1,189
256,18,5,1,2.75,50,501.4580143,32.5,0,0,1,760
257,22,4,0,2.75,60,159.5683671,30,1,1,0,656
258,12,4,0,2,52.5,262.6265703,16,3,0,1,254
259,24,5,4,2.83333333,46.66666667,553.2265061,35,0,0,0,149
260,0,0,0,5,70,1217.592756,45,0,0,0,13
261,15,4,0,2.5,62.5,221.1735145,27.5,0,0,1,255
262,23,4,0,2,40,132.4602102,24,0,0,0,356
263,13,4,0,1.875,35,280.8932531,20,0,0,0,241
264,9,2,0,1.81081081,49.45945946,258.0023674,22.3333333,1,1,0,37
265,17,4,0,2.6,46,139.9806748,32.5,2,1,0,342
266,22,6,0,2.25,45,491.3872878,14.6,3,0,0,187
267,10,2,0,1.89473684,57.36842105,218.6562545,18.75,0,1,0,205
268,7,2,0,4.125,60,323.1000336,45,0,1,0,235
269,23,6,1,1.74074074,47.77777778,285.1176364,24.3333333,0,1,0,82
270,17,4,0,3.33333333,48.75,247.8109572,30,0,0,0,647
271,27,4,0,3.33333333,48.75,247.8109572,30,0,0,0,611
272,0,2,0,4.125,60,323.1000336,50,0,1,0,2
273,29,8,1,2.125,46.875,142.8780804,15,1,0,1,362
274,14,4,0,3,65.38461538,383.482946,32.5,5,1,0,465
275,8,2,0,3,65.38461538,383.482946,32.5,5,1,0,270
276,24,4,0,3,55,263.4423876,26.6666666,0,0,0,732
277,11,5,0,2.66666667,50,234.2556276,11.1666666,0,0,0,243
278,9,1,1,2.2,52,531.1472538,17.5,0,0,0,3
279,4,1,1,3,60,995.2558831,14.1666666,0,0,0,11
280,4,0,1,2.5,52.5,342.1005804,35,0,1,0,4
281,19,7,2,2.25,52.5,350.9787828,21.8,0,1,1,271
282,4,3,0,2,50,220.5407523,16,0,0,0,78
283,11,5,0,2.33333333,60,249.9550667,10.6666666,0,1,0,211
284,6,3,0,1,36.66666667,219.380398,6.8,0,0,0,52
285,14,3,0,1.66666667,36.66666667,258.498271,22.5,2,0,0,160
286,10,3,0,2.5,53.33333333,290.7712611,17.6666666,1,0,0,219
287,12,4,0,2.375,50,230.8621497,29.5,0,0,0,178
288,12,5,0,2.25,60,348.006024,25,0,0,0,245
289,26,4,0,1.66666667,60,287.9879859,10,0,0,0,120
290,13,8,0,1.125,37.5,379.1740501,12.5,3,0,0,114
291,14,6,0,2.46153846,51.53846154,469.7256199,36.6666666,0,0,0,331
292,13,4,0,1.125,37.5,432.3349536,12.25,0,0,0,180
293,6,1,0,3.83333333,55,390.8522329,45,0,0,0,248
294,21,8,2,2.44444444,56.66666667,132.4673219,29,1,0,0,249
295,21,6,0,3.125,60,247.5235785,34.6666666,1,0,0,506
296,27,6,0,2.75,60,362.3888971,35,0,1,0,503
297,14,4,0,2,60,354.1604347,12.25,1,0,0,56
298,11,2,0,2.33333333,50,512.3154843,14.75,1,0,0,31
299,18,6,0,2.125,45,376.0665199,14.75,0,0,0,294
300,14,6,0,2,52.5,182.5682174,11.2,0,1,0,112
301,24,6,0,2.375,60,299.1535269,9.57142857,0,1,0,270
302,12,3,1,2,55,570.1304297,14.6666666,1,0,0,55
303,10,3,0,1.66666667,50,251.7979932,14,0,0,0,122
304,10,4,0,2.90909091,60.90909091,312.9513778,13.3333333,0,1,0,277
305,7,1,0,3.875,52.5,154.208271,37.5,1,1,0,238
306,7,2,0,2,50,490.9360089,22.5,0,0,0,28
307,17,3,0,1.33333333,36.66666667,119.9347856,13,0,0,1,42
308,7,2,1,2,60,162.9244868,23.3333333,0,0,1,110
309,10,3,0,3.09090909,56.36363636,335.9524786,15,0,0,0,248
310,12,4,0,1,40,285.8206172,10.1666666,0,0,0,150
311,11,3,0,3.33333333,53.33333333,254.2476241,37.5,0,0,0,649
312,16,2,0,4.25,52.5,141.2660472,24.5,0,1,1,269
313,17,4,1,2.05263158,56.31578947,564.5939955,15.6666666,0,0,1,165
314,9,3,0,2,47.5,397.1790732,22.3333333,2,0,0,244
315,10,4,0,1.81818182,48.18181818,196.6302366,12.2,1,0,1,215
316,23,3,1,2.05263158,56.31578947,564.5939955,16.6666666,0,0,1,158
317,16,3,0,2.5,60,161.981044,20,0,0,1,109
318,10,4,0,1.66666667,53.33333333,301.0689331,10.1666666,1,0,0,192
319,11,6,0,2.66666667,50,369.5090849,15,0,0,0,139
320,13,4,0,2.66666667,50,369.5090849,21,0,0,1,156
321,15,4,3,3.875,60,334.0177687,20.2,1,0,0,641
322,12,4,0,1.83333333,53.33333333,253.0682222,11.6666666,0,0,0,149
323,3,0,1,4,66.66666667,612.1542755,40,0,2,0,10
324,7,3,0,1.5,40,262.5292854,7.55555556,1,0,0,90
325,14,5,0,2.33333333,34.44444444,306.9033591,23.3333333,0,0,1,178
326,22,5,0,2,52.5,218.1458927,16.25,1,1,0,402
327,3,0,0,2.08333333,40,209.4297954,13.3333333,0,0,0,18
328,16,4,0,3,56,278.9525141,35,0,1,0,998
329,29,7,0,2.5,50,181.1776733,30,0,0,0,161
330,10,7,0,1,60,178.5669911,12.3333333,0,1,0,213
331,8,0,0,2.30769231,58.46153846,367.7368715,28.3625,0,0,0,19
332,22,7,0,3.125,60,205.1519124,19.25,0,1,0,813
333,14,2,0,3,60,233.0083709,23,0,0,0,207
334,9,3,0,1.83333333,60,147.9243707,13.6,0,1,0,224
335,10,3,0,1.66666667,53.33333333,454.9063137,14.4,1,0,0,81
336,14,4,1,3.33333333,57.5,174.7552631,26.6666666,0,0,1,708
337,6,0,0,1.83333333,60,136.4277451,14.5,0,0,0,55
338,43,4,0,2.625,45,169.3401682,21,1,1,1,405
339,21,5,0,1.9,52,216.0291358,24.6666666,1,1,1,156
340,24,4,1,2.4,60,675.542258,22.5,0,0,0,198
341,20,6,0,2.14285714,51.42857143,157.2645604,12.6,1,0,0,190
342,11,3,0,1.83333333,60,164.4282653,11,0,0,0,138
343,23,7,4,2,53.33333333,296.0421558,21,0,0,1,240
344,14,3,1,2.4,60,675.542258,16,0,0,0,73
345,14,5,0,2,50,181.2116734,13.25,1,1,0,74
346,20,9,0,3,60,337.3940387,35,0,1,1,489
347,15,3,0,1.71428571,51.42857143,215.4164678,11.4,1,0,1,185
348,16,1,0,3.5,60,121.3163025,38.5,1,1,1,421
349,12,2,0,2,53.33333333,273.2342975,22.5,1,1,0,184
350,9,5,0,1.71428571,51.42857143,215.4164678,10.8333333,1,0,1,147
351,23,10,0,3.125,52.5,215.6446538,35,0,0,0,349
352,0,1,0,2.33333333,50,553.4287841,17.6666666,0,0,1,322
353,14,5,0,2.5,60,201.8440844,14.5,0,0,1,494
354,12,4,0,1.5,35,351.8583565,8,1,0,0,97
355,22,5,0,2,45,310.6380556,9.375,3,1,0,122
356,11,2,2,2.83333333,53.33333333,343.7210696,11.6666666,0,0,1,386
357,21,5,0,2.125,52.5,407.907796,26.6666666,0,0,0,130
358,12,3,0,2.16666667,60,176.6610948,15.25,0,0,0,153
359,0,4,0,1,50,149.9261981,7.66666667,2,1,0,15
360,12,3,0,3,53.33333333,626.1084503,21,1,1,0,418
361,11,3,1,2,56,804.1765748,19.3333333,0,0,0,61
362,16,9,0,2,55,81.14369957,13.2,1,0,1,286
363,22,4,0,3.11764706,51.17647059,154.8528233,35.2,2,1,0,697
364,25,3,1,3.66666667,60,191.1871873,31,0,0,0,374
365,9,5,0,2,63.33333333,824.7831424,24.3333333,0,0,0,37
366,10,5,0,1.7,54,153.7204607,12.4,1,1,1,124
367,16,4,0,1.6,50,280.0027661,27.5,3,0,0,118
368,15,4,0,2,47,187.5990975,14.75,1,0,0,82
369,6,2,0,2.33333333,60,293.3982247,17,2,0,0,96
370,20,7,0,1.91666667,55,255.3766605,14.25,1,1,0,296
371,9,3,0,1.66666667,53.33333333,289.2693995,9.14285714,1,0,0,34
372,18,4,0,2.16666667,60,319.8904115,22.5,0,0,0,151
373,14,4,1,2.66666667,60,528.9323752,17,1,1,0,355
374,5,1,3,2.42857143,47.14285714,112.1876521,26,1,1,0,60
375,15,4,0,2.375,60,351.6284331,10.25,1,1,0,168
376,8,3,0,1.66666667,50,558.9184608,10.8333333,1,0,0,74
377,30,7,1,2.71428571,54.28571429,333.6625507,24.75,0,0,0,322
378,13,5,0,2.75,60,274.2980272,8.33333333,1,1,0,298
379,1,0,0,4.14285714,61.42857143,123.9685467,27.3333333,0,0,0,2
380,12,3,0,3.5,56.66666667,325.5468662,29,0,1,1,388
381,25,4,0,1.57142857,55.71428571,208.7149992,13,2,0,0,150
382,22,7,3,2.33333333,60,312.7117941,18.3333333,0,1,0,242
383,7,1,1,4.5,60,134.4425682,18.4,0,1,0,95
384,12,3,2,2.85714286,51.42857143,460.0154382,12.5,0,0,0,119
385,16,4,0,1.75,60,313.421617,12.75,0,1,0,142
386,26,5,4,2.85714286,51.42857143,460.0154382,15.25,1,0,0,387
387,17,3,0,2.75,50,483.4587821,19.3333333,1,1,0,305
388,28,5,0,2,45,350.6803694,12.5,1,0,0,163
389,10,3,0,1,36.66666667,484.7512557,5.81818182,1,0,1,30
390,8,4,0,3.25,60,159.1436454,27,1,1,0,193
391,23,4,0,2.5,50,268.2001858,14.6666666,0,0,0,392
392,26,5,1,3.09090909,57.27272727,240.5526855,11,0,1,0,471
393,13,5,1,1.66666667,40,533.8916622,10.2857142,1,0,1,78
394,0,5,1,3.9,60,127.0374022,34,1,1,0,55
395,0,3,1,1.33333333,40,326.0580862,12.5,1,0,0,5
396,24,5,2,4.5,60,147.2841233,38,0,1,0,1045
397,7,2,0,2.66666667,60,341.5211849,15.2,0,1,0,316
398,0,0,0,1.41666667,49.16666667,249.6094408,31.25,0,0,0,2
399,8,2,0,2.66666667,60,341.5211849,17.25,0,1,0,311
400,27,0,0,3.875,60,316.0025031,38.5,0,1,0,662
401,13,2,0,3.33333333,60,406.1999048,11,1,1,0,349
402,6,3,1,1.33333333,53.33333333,166.2492706,27.5,2,0,0,2
403,23,6,4,3.5,60,256.6545829,22.5,1,0,1,642
404,7,4,0,3,54,175.0131064,12.75,1,0,0,295
405,16,3,4,3.55555556,62.22222222,514.0538807,21.5,0,1,1,383
406,20,3,0,2.75,45,296.8033715,24.1716666,1,0,0,183
407,5,0,3,3.55555556,62.22222222,514.0538807,35,0,0,0,52
408,16,8,4,3,50,323.289726,17.8333333,4,1,0,30
409,26,6,0,2,50,136.0210822,12.8,1,0,1,341
410,12,3,0,3,60,149.6385377,31.6666666,1,0,1,343
411,13,3,1,3,60,149.6385377,25,1,0,1,154
412,18,4,2,3,55.71428571,156.7364719,31.8,3,0,2,305
413,14,4,0,1.75,60,146.7526702,7,0,1,0,61
414,0,1,0,3.33333333,60,206.4145553,17.5,0,0,0,37
415,27,4,0,2.5,52.5,309.5935088,9.625,1,1,0,172
416,24,5,0,2.5,60,267.5950361,14,1,0,0,154
417,32,7,2,3.5,47.5,222.0132702,30,0,0,0,424
418,4,0,0,3,57.5,305.4270275,21.7,0,1,0,71
419,0,2,2,2.5,52.5,254.1041678,16.75,1,1,0,72
420,9,3,0,1.33333333,50,570.4928114,10.5,1,0,0,47
421,17,3,0,2.66666667,50,264.8206403,17.6666666,1,1,0,234
422,13,4,0,2.875,55,152.5743772,25,1,0,0,203
423,2,8,0,1,60,326.3404434,11.25,1,0,0,32
424,7,3,0,2.33333333,46.66666667,462.0458723,18,1,1,0,195
425,6,1,0,2,53.33333333,580.3211312,10.5,0,0,0,2
426,21,4,0,3.25,52.5,427.6473689,23.25,2,0,0,709
427,27,8,0,2.88888889,55.55555556,302.4688865,27,0,0,1,441
428,17,2,0,2.78571429,52.85714286,134.461428,30.1111111,3,1,0,385
429,19,3,0,3,50,1159.226942,19.6666666,1,0,0,158
430,2,2,1,2.5,50,141.7914586,20,2,0,1,14
431,18,3,0,3.33333333,53.33333333,361.8065144,27.5,0,1,0,533
432,11,2,0,1.66666667,60,380.464708,8,1,1,0,65
433,20,4,0,2.66666667,53.33333333,145.2785819,15.4597142,1,0,1,178
434,6,0,0,2.71428571,57.14285714,159.0835038,28,1,1,2,63
435,9,1,0,2,51.66666667,115.6243041,24.3333333,1,1,2,103
436,7,5,1,1.77777778,40,239.6921957,16.91,1,0,1,11
437,1,1,0,1.4,50,218.4831544,18.6666666,1,0,0,24
438,12,6,0,1.88888889,53.33333333,269.9441196,14.71,3,0,2,109
439,15,3,0,2.75,60,246.6120296,17,3,1,0,325
440,23,7,3,2.4,60,187.374746,33,0,0,0,477
441,15,3,2,3,60,323.3589234,14.8,0,1,0,395
442,12,0,1,4.3,48,131.4095581,45,0,2,1,412
443,15,3,0,3.375,60,231.9456587,13,0,1,1,496
444,14,6,0,1.66666667,60,130.7522848,16,0,0,1,15
445,9,3,4,4,54,181.0573929,39.6666666,0,1,1,75
446,30,8,2,4,56.66666667,93.53225922,22.4,1,1,1,504
447,11,3,0,3.25,55,227.7539801,15,0,1,1,389
448,2,1,2,3.33333333,40,165.36062,26.3333333,0,0,1,204
449,2,5,0,2.5,60,489.4742897,21,0,1,2,2
450,17,5,0,3.33333333,60,322.5323288,15,0,0,1,49
451,11,3,1,3,58.75,204.984229,30,0,1,1,284
452,5,2,0,6,60,248.6020439,55,0,1,1,4
453,12,4,0,1.33333333,60,440.652256,7.66666667,3,0,0,89
454,9,3,0,3.3,60,89.3641433,34,0,1,1,30
455,16,3,0,2.875,60,144.1366652,18.75,0,1,3,296
456,8,3,5,1.66666667,60,171.9562581,7.5,0,0,1,55
457,23,5,0,3.27272727,60,222.8184676,40.625,1,1,0,370
458,13,4,1,4.5,60,151.977509,33,0,1,0,640
459,20,7,2,4.5,60,151.977509,33,0,1,0,712
460,1,3,1,3.15384615,48.46153846,135.4188278,17.6666666,0,0,0,107
461,0,0,0,3.42857143,55.71428571,330.1454139,45,0,0,0,19
462,30,6,4,3,60,418.9386129,21,2,0,0,474
463,2,2,0,2,54,243.1527999,30.3333333,1,1,0,55
464,24,7,0,3,51.81818182,73.68374019,34.5,0,1,1,428
465,9,3,0,3,50,180.0246345,36,0,2,1,159
466,7,3,0,2.875,60,235.6807046,39.5,0,1,0,54
467,39,8,0,2.66666667,48.33333333,74.07254689,32.5,0,1,0,476
468,13,5,0,2.09090909,51.81818182,286.8686585,17.4,2,1,0,243
469,16,4,0,2,60,267.9958369,13,0,1,0,161
470,9,0,0,3.25806452,58.06451613,188.4620896,36,0,1,0,456
471,12,1,0,3.25806452,58.06451613,188.4620896,32.5,0,0,0,467
472,3,2,1,3,60,438.8588518,35,1,0,0,62
473,17,5,1,2.75,60,270.5984614,24,5,1,0,443
474,17,5,1,2.75,60,270.5984614,24,5,1,0,443
475,12,4,0,1,56,408.7510219,14,1,0,0,153
476,6,2,0,2.25,60,645.910627,17.6666666,0,0,0,443
477,1,4,0,1,60,158.0021841,16.6,1,0,0,44
478,13,3,0,2,60,345.2140505,12.2,1,1,0,239
479,38,4,0,3.875,60,152.0194981,35,0,0,0,683
480,0,0,0,2,60,807.3343631,12.5,1,0,0,4
481,14,5,2,2.75,53.75,140.6299133,27.6666666,0,0,2,365
482,23,7,2,2.625,60,303.7006926,20.5,0,0,0,166
483,27,5,1,3.75,60,159.4350503,26,0,0,2,961
484,9,3,0,2.125,60,116.7225529,18,3,0,1,212
485,14,5,0,2.16666667,57.5,199.216056,39.5,1,1,1,489
486,12,4,0,2.5,60,318.1751919,27.5,1,0,0,110
487,6,4,0,2.2,48,435.5311061,14,2,0,0,56
488,6,4,0,2.5,52.5,219.6523972,18,0,1,2,110
489,3,3,0,2.5,52.5,219.6523972,12.6,0,1,2,73
490,17,4,0,2,60,523.0934426,22.5,0,0,1,155
491,10,4,0,2,60,305.1201782,12.8,0,0,0,199
492,3,4,0,2.11111111,56.66666667,184.5843764,16.25,0,0,1,33
493,2,0,0,2.5,52.5,145.6557056,21.3333333,0,0,0,66
494,31,4,2,3,60,211.5223185,12.3333333,0,1,1,471
495,17,3,2,3,60,211.5223185,11,0,1,1,316
496,16,4,0,3,60,236.0101078,16.6666666,0,1,1,247
497,13,6,0,2.25,60,233.5411906,10.8,0,1,1,145
498,18,5,0,3.25,60,432.3081634,35,0,1,0,230
499,18,4,0,3,52.5,238.0851562,15.6,0,1,1,278
500,10,5,0,1.83333333,51.66666667,599.1693372,15.2857142,0,0,0,140
501,15,3,0,1.66666667,60,341.834636,9.75,0,1,1,175
502,5,4,0,2,56,485.9135563,42.6666666,0,0,0,24
503,19,3,0,1.5,52.5,242.8025411,12.6666666,1,1,1,314
504,0,0,0,1,60,263.409121,7.2,0,0,0,30
505,2,4,1,2.66666667,60,218.9101231,11.1428571,0,1,0,43
506,3,2,0,1,60,416.7713443,7.8,0,1,0,22
507,15,4,0,1,50,303.0685389,6.125,1,0,0,108
508,8,1,0,1.6,60,540.99762,13,0,0,0,110
509,17,8,0,3,60,506.3427641,30,0,1,0,247
510,12,4,0,3.125,60,303.836099,15.75,0,0,0,367
511,6,4,0,1,40,687.2925232,11.6666666,1,0,0,75
512,8,2,0,3,50,484.9999499,21.3333333,1,0,1,246
513,16,1,0,3.45454545,51.81818182,115.811926,17.75,0,0,0,528
514,11,1,0,3.18181818,51.81818182,90.45567084,27.5,1,1,0,541
515,20,6,0,2.25,60,241.2774834,10.4,1,1,0,168
516,6,2,0,2.16666667,55.83333333,392.585176,45,0,0,0,74
517,13,4,0,1.5,47.5,259.1525276,8,0,0,0,236
518,34,4,0,3,60,233.7790622,17.8,1,0,0,253
519,10,9,3,2.125,60,490.1039362,9.2,0,1,0,163
520,9,4,0,1,30,321.5533171,8.33333333,4,0,1,9
521,6,1,0,2,50,352.4472898,7.8,4,0,1,36
522,14,4,0,3.13333333,60,324.8923764,30,0,0,0,114
523,4,3,0,1,60,403.9880251,7.42857143,2,0,1,191
524,18,6,0,3.13333333,60,324.8923764,33.3333333,0,0,0,452
525,17,3,0,3.66666667,60,727.4477586,35,0,0,0,236
526,40,6,1,2.70588235,47.64705882,257.882113,22.25,2,0,1,1024
527,11,2,0,3,60,321.2871773,15.2,0,1,0,217
528,8,2,0,2,57,716.0574314,21.3333333,2,0,1,219
529,15,4,0,3.375,60,285.9318417,22.1666666,1,1,1,726
530,12,4,0,2.9,56,214.2616349,27,0,1,1,277
531,21,5,0,2,52.5,330.6010313,16.75,1,1,2,227
532,16,8,1,3.25,60,194.6457676,23,0,0,1,358
533,20,5,0,2.75,60,427.8396979,23.25,2,0,0,479
534,12,4,0,2.5,60,269.2009544,16,0,0,1,182
535,18,8,0,2.66666667,50,70.17372821,20.25,1,0,0,561
536,23,6,0,3.1,60,483.6933627,40,0,0,0,256
537,12,5,0,2.5,60,653.4921705,27.3333333,1,0,0,307
538,7,4,1,1.8,50,756.5626182,10.3333333,1,0,0,163
539,0,1,0,2.66666667,60,268.8234428,18,0,0,0,10
540,10,5,0,3.18181818,54.54545455,176.7980487,33.3333333,0,1,1,674
541,16,3,0,3.66666667,60,593.7416083,31,0,0,0,274
542,12,1,0,2.66666667,60,322.6996765,22.3333333,0,1,1,201
543,4,3,0,2.5,50,228.1235495,8.85714286,0,0,1,7
544,19,6,1,3.625,62.5,337.2588807,40,0,1,1,456
545,22,9,0,2.57142857,49.28571429,69.06429762,14.2857142,0,1,0,320
546,31,5,0,2.66666667,58.33333333,208.8285695,17.2857142,0,0,1,475
547,15,4,0,1.75,45,206.2015241,7.625,0,0,0,303
548,26,2,0,2.91666667,52.5,82.49177663,27.5,0,1,0,524
549,15,4,0,1.75,45,206.2015241,6.63636364,0,0,0,287
550,6,0,0,4,60,224.5979107,30,0,1,0,506
551,17,4,0,3.22222222,56.66666667,263.8572269,22.3333333,0,1,0,683
552,10,4,0,3.66666667,66.66666667,318.1936181,22,1,0,0,230
553,13,3,0,3,50,187.5754693,27.2,0,1,0,348
554,19,8,0,3.90909091,54.54545455,245.108908,31.5,1,0,0,621
555,5,0,1,4,65,869.2353705,33.4285714,0,1,0,2
556,20,3,0,2.1,60,526.0754726,20.3333333,0,1,0,443
557,9,3,1,2.5,60,347.6865715,28.6666666,0,1,1,97
558,9,3,0,2.55555556,56.66666667,125.7216982,15,3,1,1,154
559,29,4,1,3.625,62.5,286.7223953,35,1,0,0,525
560,18,3,0,1.66666667,50,802.5287124,9.93185714,0,0,0,67
561,20,5,0,2.625,45,429.0716081,21.3333333,0,0,0,178
562,9,1,1,2.75,67.5,779.6718347,7.71428571,2,0,1,373
563,13,6,0,1.75,50,177.0095933,20,1,0,0,152
564,15,5,0,3.5,65,797.9024103,22.2,1,0,0,314
565,15,5,0,3.5,65,797.9024103,22.2,1,0,0,305
566,14,4,0,1.5,52.5,490.0037552,8.5,1,0,1,106
567,6,3,0,1.375,60,263.9950067,5.8,2,0,0,117
568,22,8,0,3.22222222,56.66666667,150.3077292,35,0,1,0,324
569,27,5,2,2.33333333,50,248.776901,21.75,1,1,0,465
570,14,6,1,2.5,53.33333333,525.1171774,8.25,2,0,1,166
571,24,5,0,2.25,60,445.2980227,14.75,3,1,0,354
572,13,4,0,1.75,52.5,334.9800556,8.625,2,0,0,136
573,13,4,0,2.75,60,271.9534744,25,1,0,0,237
574,9,5,0,2,50,223.8880898,10.5,1,0,0,107
575,22,7,0,1.75,35,571.6177003,9.25,0,0,0,150
576,13,5,0,2.25,60,551.0637989,13.836,0,0,0,181
577,9,5,1,2.625,57.5,972.5239175,8.8,2,0,0,167
578,15,5,0,1.625,65,245.3342585,11.6,0,0,0,246
579,23,5,0,2.875,60,452.6651193,18,2,1,1,811
580,22,4,0,2.875,60,452.6651193,18,2,1,1,744
581,13,4,0,3.375,60,201.2052778,30,0,1,1,307
582,10,5,0,2.5,56.25,230.8532994,28,2,0,0,368
583,15,6,0,2.5,56.25,230.8532994,32,3,0,0,493
584,25,4,0,2.125,60,237.0139388,22.6666666,2,1,0,253
585,19,5,0,2.41666667,57.5,195.4970863,22.71125,1,1,2,528
586,17,2,1,2.5,52.5,234.0618115,16.75,0,1,0,517
587,12,5,0,1.5,60,345.923479,10.8333333,0,0,1,131
588,2,0,1,2.75,55,248.6427173,36.6666666,0,0,0,8
589,11,4,1,4,60,292.7601938,24.6666666,0,0,0,208
590,12,4,0,2,60,272.2972333,16.3333333,0,0,0,286
591,6,5,0,2,60,233.3113362,7.125,2,0,1,133
592,19,6,0,1.4,54,584.9751916,6.88888889,1,0,1,309
593,11,2,0,3.4,48,267.2405669,32.5,0,1,0,654
594,13,6,1,2,60,183.0123999,16.4285714,0,1,1,328
595,7,0,0,3.4,48,267.2405669,32.5,0,1,0,613
596,5,0,1,2.85714286,64.28571429,239.8289585,25,0,0,0,248
597,12,5,0,1.625,60,171.0104332,14.5,0,0,0,231
598,22,3,0,2.75,30,356.2907423,22,0,0,0,476
599,8,2,1,4.125,60,249.4211888,40,0,1,0,1013
600,13,4,0,2.125,50,587.5769394,9.33333333,0,0,0,310
601,1,4,0,1.8,42,242.7123686,14.25,3,0,0,18
602,7,1,1,2.375,51.875,477.4097887,19.3333333,0,0,0,44
603,13,3,0,2.33333333,60,526.6892037,9.2,2,0,0,182
604,32,7,0,2.45454545,60,145.9278864,13.6,0,0,0,468
605,27,5,0,2.84615385,51.53846154,74.15722409,26.6,0,1,0,902
606,10,5,0,2.5,53.33333333,340.8232359,16.2222222,3,0,0,157
607,7,3,0,2.75,60,121.0587551,21.3333333,0,0,0,722
608,14,6,0,1.625,50,285.7092433,13,0,0,0,206
609,22,4,1,2.375,52.5,191.9148977,30,1,0,0,407
610,19,4,1,4.5,52.5,246.0256269,41.6666666,0,1,0,1172
611,19,4,1,4.5,52.5,246.0256269,41.6666666,0,1,0,1175
612,3,0,0,2.11111111,53.33333333,339.2196659,30.3333333,0,0,0,6
613,21,7,1,2.71428571,60,142.1093697,25,0,1,0,255
614,17,6,0,2,47.5,300.7170585,9.5,1,0,0,178
615,15,8,0,1.625,47.5,329.0237739,20,0,0,0,104
616,18,4,1,2.4,60,301.1688215,20.5,0,1,0,624
617,23,9,0,1.95,46,110.9886158,13,0,0,0,217
618,23,6,1,2.33333333,50,201.0458419,15.5,0,1,0,396
619,13,5,0,2,45,381.105811,20,2,0,1,77
620,0,1,0,2.33333333,60,188.9009872,11.4,3,1,0,21
621,14,6,0,1.625,45,234.732947,9.66666667,2,0,1,220
622,13,4,0,2,52.5,83.28708044,13.5,3,1,0,339
623,13,3,0,1.75,55,219.7179292,18.25,0,1,0,258
624,3,0,0,4.5,60,214.407824,37,0,1,0,496
625,13,4,0,2.5,45,327.9570837,25,1,0,1,190
626,19,6,0,4,60,183.4660317,30,0,0,0,754
627,21,5,0,2.625,60,223.1293411,16.75,0,1,0,750
628,22,4,0,2.16666667,56.66666667,279.7199892,23.6666666,0,1,0,275
629,13,4,0,1.75,47.5,310.9179359,22.5,2,0,0,172
630,12,5,0,1.5,35,266.9266957,18,4,0,1,163
631,17,5,0,1.75,50,455.6278948,9,0,0,0,240
632,9,1,0,1.83333333,30,353.5660591,14.25,1,0,0,117
633,10,3,0,4,60,186.7521495,30,1,0,0,215
634,16,4,0,3.5,60,258.5714378,30,0,0,1,716
635,25,12,0,1.82608696,43.91304348,219.2684471,18,1,0,0,285
636,13,6,0,1.75,45,349.9935206,18.5,1,1,1,149
637,13,6,0,2.5,52.85714286,177.588369,16,1,0,1,1018
638,17,4,0,1.75,50,217.4237005,13,0,0,0,163
639,19,6,1,3.68965517,53.79310345,79.25610881,26.5,3,0,0,623
640,14,4,0,3.25,60,146.4190582,35,0,1,1,619
641,27,9,0,2.21428571,47.14285714,76.80802842,30,1,0,0,557
642,27,7,1,3.68965517,53.79310345,79.25610881,23,3,0,0,755
643,19,9,0,2.25,52.5,365.4566887,18.6,1,0,0,476
644,20,4,0,4.375,60,140.7052592,40,1,0,0,686
645,26,3,0,2.5,60,244.7034328,29.3333333,0,0,0,640
646,5,4,0,2.66666667,60,146.9812856,11.5,0,1,0,48
647,5,4,0,2.05,51.5,216.9183284,21,0,1,0,173
648,14,2,1,3.5,58.33333333,207.4189404,13.25,0,0,1,692
649,12,7,0,2.05,51.5,216.9183284,18.5,0,0,0,387
650,0,2,2,2.33333333,56.66666667,360.0743951,25,0,0,0,24
651,20,3,0,3,60,513.627804,32.5,0,1,0,732
652,21,4,0,4.375,60,124.1833178,35,3,0,1,734
653,24,8,0,4.75,60,183.4773594,45,1,0,0,627
654,10,5,0,3.4,60,275.8320517,43.6666666,0,1,0,435
655,18,5,0,2.25,37.5,292.0551838,16.6666666,3,0,0,405
656,11,4,0,1.25,45,502.8969205,8.6,1,0,1,180
657,9,2,0,2.25,45,496.9468213,8.66666667,0,0,0,203
658,11,4,0,2.11111111,60,408.4513575,19.3333333,2,0,1,234
659,10,4,0,2.5,52.5,368.5793288,22.6666666,1,0,0,228
660,0,0,1,2.4,56,516.9434247,45,1,0,0,6
661,19,5,2,2.33333333,56.66666667,445.4297025,18.3333333,0,1,0,376
662,30,4,0,3.75,60,173.4956489,40,0,0,1,561
663,14,4,1,1.9,62,253.6530009,26,0,1,1,108
664,28,4,0,2.5,50,238.472401,18,1,0,0,188
665,0,0,1,3.33333333,66.66666667,384.8462117,43.3333333,0,0,0,26
666,20,4,0,2.5,55,339.0956947,12,2,0,0,386
667,20,4,0,2.5,55,339.0956947,11,2,0,0,386
668,10,6,0,2.60869565,54.34782609,145.3142985,30,0,0,0,456
669,1,0,0,2.92857143,58.57142857,484.7280595,35,2,1,0,32
670,12,4,0,1.75,40,399.0005969,11.8333333,1,0,0,167
671,9,1,0,2.92857143,58.57142857,484.7280595,33.3333333,2,1,0,153
672,14,3,0,2.33333333,30,86.7437611,33,0,1,0,48
673,4,3,0,2.8,54,554.2970757,13.75,2,1,0,116
674,7,4,0,2.60869565,54.34782609,145.3142985,30,0,0,0,238
675,7,5,0,3.5,53.33333333,171.6124085,19.3333333,1,1,0,262
676,5,4,0,3.5,53.33333333,171.6124085,22.4,1,1,0,264
677,23,6,2,4.625,60,145.5952733,40,0,1,0,866
678,6,1,0,4.5,66.66666667,154.5278969,35,0,0,0,237
679,0,2,0,2.2,54,219.3773963,17,0,1,0,58
680,14,3,0,2.2,46,224.1728815,10.2857142,1,0,0,285
681,32,6,0,2.88888889,50,358.549867,25.3333333,2,0,0,606
682,12,2,0,1.8,60,220.9674231,13.8,1,0,0,208
683,14,4,0,1.66666667,40,252.9820117,8,1,0,0,20
684,21,7,1,2.33333333,51.66666667,96.36317071,27.8,0,1,1,604
685,12,3,1,3.5,66.66666667,333.6203255,35,0,0,0,148
686,0,2,2,2.75,57.5,186.3995315,35,0,0,0,29
687,24,6,0,2.54545455,49.09090909,97.20842341,31.25,0,1,1,584
688,16,6,0,3.75,60,134.5357271,37.5,0,0,1,629
689,21,7,3,3.125,60,561.5148467,27,0,0,0,317
690,22,7,0,3,60,343.0489925,23.6,0,0,0,691
691,16,3,0,3.5,66.66666667,350.1164568,35,0,1,0,113
692,12,6,0,2.5,35,208.4907296,19.3333333,3,0,0,604
693,28,3,0,3.875,60,159.539634,37.5,0,0,0,474
694,23,6,0,2.25,40,305.4950762,14.75,1,0,0,233
695,16,4,0,2.5,55,453.3369263,18,0,0,0,386
696,17,6,0,2,60,201.9041012,20,2,0,0,183
697,10,2,0,4,66.66666667,234.7632956,26.6666666,0,1,0,252
698,21,4,0,3,55,261.8962658,29,0,0,1,514
699,13,4,0,3.125,60,342.7763579,35,0,0,0,408
700,8,2,0,1.66666667,40,272.8152169,10.2,3,0,1,36
701,31,4,0,3.125,55,211.3862488,19.6666666,1,1,0,160
702,0,3,0,1,50,341.7429185,6.125,1,0,0,148
703,14,4,0,3.5,60,350.1160419,36.2,0,0,0,675
704,30,5,0,2.875,60,97.45964323,32.5,0,1,0,263
705,0,0,0,2.33333333,60,286.5751997,20,0,0,0,19
706,20,5,0,2.16666667,30,376.4893143,12.75,0,1,0,175
707,10,6,1,3.16666667,68.33333333,417.6348753,13.2,0,1,0,140
708,18,4,0,2.25,52.5,238.0875536,22.5,2,0,0,301
709,29,4,0,2.4,54,289.5062252,25.3333333,2,0,0,325
710,19,7,0,2.6,57,338.1961802,15.6,0,0,0,201
711,22,10,2,4,66,277.1418451,48.6666666,0,0,0,522
712,22,10,2,4,66,277.1418451,48.6666666,0,0,0,521
713,27,6,2,4.375,60,158.3737006,45,0,0,1,852
714,9,7,0,2.5,50,257.0614696,18.6,0,0,0,256
715,6,2,0,3,50,221.6824801,27.8,2,0,0,133
716,15,6,0,2,38.18181818,242.6464201,21.5,0,0,0,146
717,23,6,0,3.875,60,106.1671963,33.5,0,0,1,705
718,15,5,0,2,40,474.3768092,8.85714286,2,0,1,231
719,7,0,1,2.6,64,401.1701257,28.6666666,0,0,0,2
720,35,4,0,2.75,60,381.1760502,30,0,1,1,269
721,9,5,0,2.625,60,280.5922518,25,0,1,0,188
722,9,3,1,2.5,47.5,371.4014124,21,0,1,0,263
723,12,5,0,2.5,60,263.3079951,19,0,0,0,245
724,20,4,0,3.375,47.5,347.2603828,30,0,0,0,493
725,12,4,0,1.5,40,359.3404593,8.83333333,0,0,1,94
726,7,2,0,2.33333333,60,254.031339,17.5,1,0,0,223
727,19,5,0,2.25,52.5,325.4662046,18.75,1,0,0,370
728,15,4,0,2.33333333,50,439.4459096,16,0,0,0,153
729,12,2,0,2,60,452.4523173,21.5,0,0,0,139
730,12,1,2,2.22222222,45.55555556,207.4835868,29,0,1,0,279
731,12,6,0,2.25,42.5,303.840577,12.75,2,0,0,150
732,12,4,0,1.75,45,304.1170535,14.5,0,0,1,154
733,18,4,0,4,60,261.517288,40,2,0,0,590
734,14,5,0,4.375,60,232.4439886,30.25,0,0,0,554
735,23,4,0,2.75,60,154.8679247,19.6666666,2,0,0,252
736,12,6,0,2.375,40,340.2716486,14,0,0,1,171
737,7,2,0,2.33333333,60,322.3323758,20,1,0,0,194
738,9,2,1,2,55,487.2901129,12,1,1,0,122
739,10,4,0,1.66666667,50,334.5405943,12.5,1,0,0,224
740,13,5,0,2.125,60,220.7519381,12.1428571,0,0,0,171
741,11,2,0,2.33333333,53.33333333,377.557345,27.5,0,1,0,32
742,29,6,2,3.5,60,142.619828,37.5,0,1,0,617
743,20,7,0,2.7,54,330.670464,21,0,1,1,389
744,12,4,0,1,37.5,511.0654181,4.88888889,1,0,0,403
745,20,8,0,3.30769231,50.76923077,62.95078221,40,0,0,0,370
746,12,4,0,1.5,52.5,243.5029786,7.6,1,0,0,231
747,16,5,0,1.8,46,217.8377994,10,0,0,1,156
748,15,4,0,2.875,60,179.6486999,37.5,0,1,0,361
749,12,6,0,2.52173913,57.39130435,113.8294197,24.75,0,0,1,528
750,18,7,0,2.25,50,318.7100066,15,1,1,0,304
751,5,2,0,2.25,67.5,490.5552227,40,0,0,0,275
752,13,4,0,2.375,52.5,158.4536814,22.5,1,0,0,235
753,0,3,0,2.52173913,57.39130435,113.8294197,13,0,0,1,96
754,17,5,0,2.5,57.5,468.2194279,22,1,0,1,516
755,18,6,0,2.125,42.5,283.5925375,9.33333333,2,0,1,441
756,14,4,0,3.5,57.5,315.2495377,32.5,0,1,0,313
757,12,8,0,1.83333333,53.33333333,496.6198966,8.83333333,1,0,1,97
758,15,4,0,3.25,60,320.5960752,35,1,1,0,318
759,16,4,0,3,45,516.213469,30,1,0,1,389
760,13,3,0,1.5,52.5,388.4905874,5.375,0,0,0,231
761,16,6,1,1.75,45,547.0465767,11.1666666,0,0,0,279
762,11,3,0,3.25,60,285.8529643,29.5,1,0,1,589
763,7,3,1,3.75,52.5,157.3496249,60,0,0,0,253
764,26,4,0,2.25,60,303.0895604,13.3333333,4,0,0,144
765,17,6,2,3.83333333,50,181.7199587,23.6,0,1,1,311
766,17,8,0,1.625,37.5,275.4161722,12.5,1,0,1,138
767,0,0,1,2.375,53.75,385.6913501,42.6666666,0,0,0,2
768,15,4,0,3.625,60,435.3719045,32.5,3,1,0,369
769,14,3,0,3,60,356.6671734,24.5,2,0,0,355
770,16,4,0,2.125,35,332.3446711,12.5,0,1,0,164
771,12,6,0,2,52.5,518.5608898,18.6666666,1,1,0,365
772,39,4,2,4,60,194.0126025,42.5,0,0,0,412
773,6,1,0,2.75,60,191.089507,20.6666666,1,0,0,250
774,17,4,2,4.75,52.5,432.3508026,55,0,0,1,479
775,12,4,0,2.5,52.5,333.4662272,28,1,0,0,370
776,9,3,0,2.16666667,60,355.3076698,7.66666667,3,0,0,123
777,0,3,0,1.88888889,46.11111111,272.9908157,17.75,0,1,0,83
778,2,3,0,1.88888889,46.11111111,272.9908157,17.75,0,1,0,103
779,13,4,1,2.4,52,466.9380849,19.6666666,1,1,1,365
780,16,4,0,2.125,55,385.0419466,13.6,0,0,0,452
781,16,4,0,2,30,539.6502357,22.5,3,1,0,152
782,13,5,0,3.5,45,172.1380479,19.6,0,0,0,411
783,12,11,0,2.21428571,42.85714286,138.550254,17.3333333,0,0,0,290
784,13,2,0,2.66666667,53.33333333,213.0559281,25,0,0,1,131
785,11,5,0,2.75,60,238.7710618,19.5,0,0,0,311
786,26,5,1,2.8,62,347.7174859,45,0,0,0,430
787,20,4,0,2.5,45,308.9452702,30.5,0,1,0,231
788,24,6,0,3.125,60,292.1485438,33.5,1,0,0,621
789,21,4,1,4.875,60,273.4004675,52.5,0,1,1,601
790,12,6,0,2,53.33333333,222.097246,13.75,0,1,0,329
791,20,4,0,3.75,60,333.715254,37.5,0,0,0,382
792,12,3,0,2.625,60,160.8531485,27,0,1,0,385
793,27,4,1,2.8,52,600.5141239,17,1,0,0,561
794,24,6,0,2.3,48,343.5579827,21,0,0,0,239
795,45,8,0,2.66666667,50,60.31154429,35.5,0,1,0,499
796,5,3,0,1.66666667,50,275.6656062,7.44444444,0,1,0,175
797,16,3,1,2.8,52,600.5141239,10.4285714,1,0,0,379
798,9,2,0,2.66666667,40,123.6049587,19,2,1,0,118
799,0,4,1,2,55,267.8105593,26,2,0,0,21
800,20,5,0,3.75,52.5,257.6030768,37.5,1,1,1,376
801,31,10,2,5.5,60,231.7372959,60,0,1,0,540
802,34,4,0,3,60,487.1327756,34,1,0,0,655
803,21,4,0,3.5,52.5,191.9334809,27,2,1,0,644
804,7,2,0,3.11111111,50,94.29777178,27.5,0,1,0,263
805,4,5,0,1.16666667,43.33333333,319.522592,6.22222222,0,1,0,240
806,25,5,2,3.375,60,354.2273683,45,1,0,0,544
807,10,3,0,2.5,45,448.5675003,27.5,2,1,0,151
808,0,0,0,2.42857143,64.28571429,578.417654,40,0,0,0,2
809,21,5,0,2.875,60,302.9043878,17.6666666,1,0,1,372
810,14,3,1,2.25,55,627.3590269,26.6666666,0,0,0,84
811,20,6,0,2.625,47.5,247.4273492,22.5,1,1,0,300
812,15,3,0,2.5,60,268.1053014,24,1,0,1,301
813,18,4,2,4.125,60,446.8535601,55,0,0,0,456
814,9,3,0,3,60,277.1268173,24.3333333,0,0,1,206
815,19,6,0,2.25,52.5,304.1280813,22.5,0,0,0,420
816,23,4,0,3.25,60,213.8117817,33,0,0,0,541
817,6,1,0,1.5,40,615.1269591,12.1666666,1,1,0,31
818,15,7,0,1.8,45,525.7261016,15.2,1,0,0,177
819,18,4,0,2.5,60,327.7876269,20,1,0,0,510
820,19,4,0,3,60,279.3467564,30.5,0,1,0,452
821,6,2,0,2.66666667,60,393.6893902,20,1,0,0,189
822,2,0,0,2.14285714,51.42857143,375.6194547,9.8,0,0,0,64
823,6,2,0,2.33333333,50,279.0209929,15,0,0,0,140
824,0,2,0,2.25,56.25,226.7559401,27.5,0,0,0,18
825,26,7,0,3.5,54,407.2194581,55,0,1,0,563
826,5,0,2,3.66666667,66.66666667,502.0108513,42.5,0,0,0,285
827,24,4,0,3.125,60,173.1671506,24.5,4,0,0,348
828,0,0,0,1,40,1209.839313,15,0,0,0,7
829,12,4,0,2.66666667,50,428.7832427,26.3333333,0,0,1,160
830,16,5,2,2.58823529,68.23529412,379.8414357,30.6666666,0,0,0,187
831,21,5,0,3.625,57.5,455.7886817,34.6666666,0,1,0,837
832,12,4,1,2.55555556,56.66666667,464.0767368,28.3333333,2,1,0,841
833,5,2,1,2.64285714,48.57142857,189.529846,22,0,0,0,32
834,12,4,0,2.5,45,165.5650853,20.5,0,1,0,225
835,0,1,0,1.75,52.5,424.8937835,45,1,1,0,5
836,0,0,0,3,70,1238.44497,35,0,0,0,2
837,8,3,0,2.5,45,165.5650853,20.5,0,1,0,201
838,18,7,0,2.54545455,51.81818182,77.63327371,30,1,0,1,324
839,12,4,0,2,50,448.0464437,22.6666666,3,0,0,111
840,4,1,0,3,60,875.8097458,13,1,0,0,14
841,17,6,0,2.25,50,200.0809074,19,2,0,1,321
842,14,5,0,3.25,52.5,302.8623681,45,1,1,0,283
843,23,5,0,2.875,60,198.8201809,27,0,0,1,495
844,13,8,0,1.71428571,47.14285714,143.2533072,14,1,1,0,243
845,16,5,2,3.06666667,54.66666667,141.0461822,31.8,0,0,0,545
846,20,5,0,3,60,692.4769084,33.3333333,0,1,1,427
847,7,4,0,1.5,45,231.4305036,12,0,0,0,73
848,13,5,0,2.66666667,58.33333333,162.3096787,50,0,0,0,299
849,13,5,0,2.66666667,58.33333333,162.3096787,50,0,0,0,283
850,16,4,0,1.25,35,474.4239055,22,1,0,0,158
851,21,5,0,2.5,60,210.1117135,21.5,2,0,0,313
852,26,5,0,3.11111111,60,200.5162855,22,1,0,0,392
853,25,4,0,3.875,60,120.0230879,33,1,1,0,620
854,13,5,0,2,55,224.4050751,15.25,3,0,0,354
855,2,2,0,2.5,60,237.8852326,13.1428571,0,1,0,89
856,15,3,0,2.66666667,60,339.9445023,28,1,0,0,319
857,17,5,0,2.375,60,217.87062,18.25,0,1,0,326
858,12,2,0,2,55,122.327237,25,0,0,0,40
859,13,3,0,2.33333333,53.33333333,447.9160916,26.75,1,0,1,312
860,18,4,0,3,50,278.2109837,35.3333333,0,1,0,271
861,12,4,0,2.5,60,185.2689937,22.5,1,0,1,186
862,6,4,0,2.25,52.5,378.2603017,17,0,1,0,171
863,3,3,0,1.33333333,60,148.8912428,8.85714286,0,0,0,46
864,26,7,2,3.9,60,289.600249,39.5,0,0,0,710
865,12,4,0,2,50,188.1874039,9,1,1,0,181
866,0,3,0,2.5,55,145.3376109,9.625,0,1,0,31
867,9,2,0,3.9,60,289.600249,31,0,0,0,93
868,14,6,0,1.75,55,193.6333363,7.5,0,0,1,144
869,17,4,0,2.875,55,203.733323,20,0,0,0,506
870,14,3,0,3.16666667,60,316.9366999,29.5,0,0,0,176
871,13,2,0,3.44444444,56.66666667,198.2860954,33.75,0,1,0,802
872,8,4,0,2.68181818,50.45454545,101.0758188,8,0,0,1,435
873,11,3,0,1,60,178.393396,9,0,0,0,89
874,16,4,0,2.5,47.5,237.2597401,20.6666666,1,1,0,562
875,20,3,0,2.5,55,433.7560965,13.8333333,0,0,0,381
876,17,4,0,1.5,47.5,350.6710994,10.5,1,0,1,128
877,22,10,0,2.68181818,50.45454545,101.0758188,15,0,0,1,839
878,11,3,0,2.5,52.5,423.5173489,21.6666666,1,0,0,582
879,28,6,0,2.375,50,344.8346468,25,0,0,0,630
880,26,7,0,2.5,55,433.7560965,18.5,0,0,0,481
881,21,4,0,2.5,52.5,423.5173489,21.6666666,1,0,0,639
882,16,4,0,2.4,60,302.4673604,37,0,0,0,937
883,16,2,2,2.66666667,68.33333333,647.2277774,33.5,0,0,0,38
884,9,1,0,3.25,65,373.9796742,37.5,1,0,0,555
885,16,6,0,2.125,50,280.8787559,10.4444444,0,1,0,123
886,12,4,0,2,60,300.827748,19.6666666,0,0,2,262
887,12,4,0,2.25,52.5,267.6042748,27.5,1,1,0,57
888,27,7,0,2.41666667,52.5,102.7830618,19.5,0,1,0,483
889,12,4,0,1,35,392.6772988,11,0,0,0,243
890,12,5,0,2.75,60,282.8022372,11.75,0,0,1,369
891,6,2,1,1.28571429,51.42857143,676.5343551,30.5,0,0,0,39
892,12,6,0,2,60,396.592022,12,0,0,0,284
893,14,3,0,2,52.5,420.6795275,22.5,1,0,0,332
894,13,4,0,2.75,60,650.9270621,23.035,0,0,0,596
895,30,7,0,3.53333333,60,364.9741281,36,0,1,0,549
896,13,4,0,3.53333333,60,364.9741281,27.3333333,0,1,0,248
897,16,3,1,2.66666667,60,308.0641952,23,1,1,0,549
898,7,1,0,1.875,37.5,346.7316888,18.5,0,0,0,160
899,28,6,0,1.75,60,302.7915478,16.2,1,0,0,484
900,11,3,0,2,60,234.6728533,9.16666667,0,0,0,162
901,33,4,0,4,60,228.1343362,30.6666666,1,1,0,522
902,21,6,0,1.64285714,55.71428571,623.9660909,14.6,0,0,0,227
903,12,1,0,3,60,397.6655647,34,0,0,0,476
904,25,5,0,1.875,55,379.0665104,9.4,0,1,0,331
905,8,2,0,2.71428571,60,253.6963955,20.5,2,0,0,185
906,1,1,1,3.09090909,61.81818182,326.8163959,32,3,0,0,13
907,1,1,1,3.09090909,61.81818182,326.8163959,32,3,0,0,13
908,12,3,0,2.66666667,50,243.4568827,22,0,1,0,397
909,0,0,2,3,60,540.2180463,30,0,0,0,7
910,11,3,0,4,60,473.7026253,19.6,0,1,0,465
911,22,4,0,2,50,316.5797525,7.2,0,1,0,294
912,18,0,0,2,50,154.0729228,38,2,0,0,92
913,14,6,0,3.25,60,430.2550816,30.5,1,0,0,396
914,7,3,0,2.33333333,60,548.571026,11.8333333,0,0,1,129
915,24,3,0,2.75,60,488.6689181,21.75,3,1,0,529
916,17,6,0,1.5,52.5,196.7148958,20.5,2,1,0,91
917,23,7,0,4.375,60,398.3881647,35.5,0,0,0,470
918,7,2,0,4,60,234.6199026,30,2,0,0,84
919,17,5,0,2.5,52.5,190.7152474,21.3333333,0,1,1,423
920,33,6,1,2.25,40,192.7890746,31,2,1,0,182
921,14,4,0,1.75,55,610.7447853,11,0,0,0,214
922,12,4,0,2,60,356.7202313,9.66666667,0,0,0,286
923,12,5,0,2.125,57.5,295.134533,23.5,0,0,1,237
924,8,5,0,2,43.33333333,143.3990716,22.3333333,0,0,0,128
925,15,3,0,2.5,50,258.4750405,15.5,0,0,0,135
926,26,3,0,1,40,498.3137137,9.71428571,0,0,0,18
927,10,0,1,3.5,60,924.8536763,35,0,0,0,39
928,11,4,0,2.1,52,266.346428,11.8,2,0,1,339
929,12,4,0,2.5,60,318.180379,21,2,0,0,290
930,13,5,0,2.22222222,52.22222222,154.2126727,18.6666666,0,0,1,61
931,3,0,1,3.66666667,60,452.4234827,20.75,0,0,0,8
932,13,7,0,3,52.22222222,142.3952296,21.75,0,0,0,296
933,8,2,0,1.71428571,50,424.489543,15,2,0,0,112
934,14,4,0,2.25,55,335.7501483,28.5,0,0,0,572
935,0,0,1,2.71428571,59.28571429,395.380855,40,1,0,0,17
936,0,0,2,2.71428571,59.28571429,395.380855,40,1,0,0,17
937,14,4,0,2.25,52.5,443.8105502,25,0,0,0,232
938,9,3,0,2.66666667,56.66666667,342.9068069,24.5,1,0,0,78
939,9,5,0,2.16666667,60,364.7199242,10,3,0,0,217
940,28,6,1,2.85714286,48.57142857,132.4331194,18,0,0,1,482
941,21,5,1,2.85714286,48.57142857,132.4331194,23.3333333,0,0,1,431
942,0,0,4,2.5,58,345.7852549,40,2,0,0,5
943,29,7,2,5.125,60,332.1485059,48.5,0,1,0,939
944,12,5,0,1.8,60,355.2644307,13,0,0,0,487
945,16,4,0,2.77272727,58.18181818,124.284111,27.5,0,0,0,819
946,15,4,0,2.77272727,58.18181818,124.284111,18.75,0,0,0,736
947,2,1,0,1,50,448.7571293,9.75,0,0,0,25
948,13,3,1,3.8,60,400.2789924,23,0,0,0,188
949,14,3,0,2.75,52.5,201.5540731,13,0,0,0,151
950,20,5,2,3.875,62.5,270.0314529,30,0,1,0,612
951,26,5,0,3.8,60,400.2789924,36,0,0,0,528
952,3,1,1,2.53846154,57.69230769,293.8581598,25.6666666,0,0,0,118
953,5,1,1,2.53846154,57.69230769,293.8581598,27.6666666,0,0,0,246
954,13,4,0,3.5,62.5,408.5927724,36.5,0,0,0,672
955,20,3,0,3.875,60,260.708283,36.6666666,0,1,1,703
956,7,2,0,3.33333333,60,192.8248828,23,0,1,0,157
957,0,4,1,1.9,58,425.0151535,20,0,0,1,10
958,16,3,0,2.4,52,1110.10691,32.5,1,0,0,243
959,0,3,0,4,56,324.19739,18,1,1,0,148
960,1,3,0,1,37.5,342.5877474,10.6666666,5,1,0,76
961,7,2,0,3.5,60,315.4838589,40,0,0,0,698
962,12,4,0,2.5,60,317.5154658,21.6666666,0,0,0,150
963,19,5,0,2.125,52.5,252.001721,12,0,0,0,108
964,5,5,0,4,56,324.19739,40,0,1,0,547
965,0,0,1,2.66666667,61.11111111,323.1717951,31,0,0,0,15
966,21,4,0,4.5,70,106.5885762,32.5,1,0,1,377
967,12,3,0,2.66666667,60,215.3677147,28,0,0,0,211
968,15,6,0,2.66666667,60,232.2651129,13.5,0,0,0,291
969,23,3,0,2.09090909,43.63636364,364.0344245,19.5,1,0,0,642
970,4,1,1,1.66666667,57.77777778,273.036581,21.5,0,0,0,9
971,1,2,1,1.5,51.25,242.8917008,43.5,0,0,0,19
972,14,4,0,3,50,376.0583514,15.2,0,0,0,593
973,2,3,0,1,40,313.9728139,16,0,0,0,13
974,11,4,0,3.625,52.5,326.3438854,31.5,0,0,0,558
975,19,3,0,4.16666667,60,368.5205466,53,1,1,0,261
976,31,4,4,3.7,62,237.250118,47,1,1,0,549
977,5,2,0,1.33333333,43.33333333,326.6653683,14.6666666,0,0,0,67
978,13,2,0,4.33333333,60,339.4468139,44.5,0,0,0,409
979,12,4,0,2,52.5,339.6844786,23.5,0,0,0,277
980,19,0,1,2.3,60,681.0814578,24.6666666,0,0,0,145
981,28,5,1,3.7,50,447.7261292,42.6666666,1,0,0,835
982,16,2,0,2.875,55,182.8571227,23.6666666,0,0,0,94
983,7,2,0,2,35,326.1877109,24,0,0,0,106
984,1,0,0,3.125,65,476.1654003,40.5,0,0,1,9
985,13,6,0,4.125,60,238.8576666,38.5,0,1,0,759
986,21,4,0,3.375,62.5,251.5024119,34.5,4,0,0,501
987,14,6,0,3.25,52.5,262.7905048,32.5,0,1,1,341
988,0,1,2,3.66666667,50,310.4440788,36.5,1,0,0,32
989,30,7,2,3.75,55,321.0333217,39,1,0,0,675
990,3,2,1,2,64,319.7222861,15.6666666,1,1,0,9
991,24,3,0,2,45,282.5563379,25.75,3,0,0,372
992,11,2,0,2.75,52.5,210.8442576,25.5,0,0,0,100
993,12,4,0,1.625,50,404.8242148,16.6666666,0,0,0,31
994,14,2,0,4,63.33333333,317.7454597,26,0,1,0,380
995,13,4,0,3.25,60,281.0256924,31,0,1,0,112
996,3,3,0,2.5,47.5,508.8669351,27.5,0,0,0,51
997,15,4,0,2.5,60,313.3727211,20,0,1,0,253
998,23,8,1,2.53333333,54.66666667,158.1387433,30,1,1,0,685
999,1,1,3,3.4,56,328.7584803,37.5,0,1,0,23
1000,24,6,2,3.75,55,311.1413832,34.5,0,0,0,372
1001,14,2,0,2.125,48.75,330.7838099,15.5,1,0,0,24
1002,12,5,0,2,48.33333333,376.0788895,15.6666666,0,0,0,348
1003,11,1,0,2.55555556,48.88888889,237.8201028,12.1316666,0,0,0,155
1004,18,6,2,4.5,52.5,270.0920128,40,1,1,0,281
1005,16,4,0,3.5,62.5,333.3122072,23.6666666,0,1,2,372
1006,12,5,0,1.75,52.5,342.044128,16.6666666,1,0,0,207
1007,12,4,0,2.5,60,342.4907335,26.5,0,0,0,164
1008,28,4,0,4.625,57.5,205.5466965,46.6666666,0,1,0,623
1009,12,3,0,3.33333333,59.16666667,407.4676977,33.3333333,0,0,0,600
1010,29,3,0,4.625,57.5,205.5466965,45,0,1,0,281
1011,17,6,0,1.625,47.5,179.3127791,15,1,1,0,218
1012,12,4,0,1.25,30,512.4976099,13.3333333,0,0,0,271
1013,21,5,0,5.125,62.5,316.7961937,51.5,0,0,1,404
1014,10,3,3,4,53.33333333,257.1121141,42.6666666,0,0,0,257
1015,13,3,0,2.75,60,389.7416036,30,0,1,0,470
1016,16,4,0,2.25,52.5,270.9166658,21,1,0,0,152
1017,14,5,0,1.875,42.5,322.0332106,14.75,1,0,0,90
1018,11,2,0,1.33333333,46.66666667,149.5254421,16.3333333,1,0,0,35
1019,31,7,1,1.4,54,289.1586721,15.5,2,0,0,236
1020,14,5,0,2.25,60,311.780336,18.3333333,3,0,0,206
1021,27,7,0,1.33333333,40,451.6932628,7.33333333,1,0,0,192
1022,11,4,1,1.5,52.5,245.730972,17.3333333,0,0,0,55
1023,15,4,0,5.375,62.5,335.6091585,53.75,5,0,0,379
1024,11,5,2,3.4,54,240.6471258,43,2,0,0,201
1025,27,5,0,5.375,62.5,335.6091585,53.75,4,0,0,414
1026,15,4,0,3.5,60,242.9536906,30.5,0,1,0,263
1027,12,4,0,3.5,50,266.1551263,33.5,1,1,0,429
1028,14,5,0,1,35,563.3857649,9,1,0,0,201
1029,13,4,0,1.75,35,317.2324323,15.5,1,1,0,204
1030,3,0,2,3,60,284.6601376,24.3333333,0,0,0,5
1031,10,3,0,1.83333333,55,170.2547207,9.75,1,0,0,44
1032,23,4,0,3.125,47.5,408.0785036,32.5,0,1,0,359
1033,0,0,0,2.5,60,171.629764,32,0,0,0,20
1034,18,6,0,2.6,48,224.7858874,13.5,1,0,0,63
1035,17,2,0,2,30,522.4573936,10.2,1,0,0,81
1036,13,5,0,2.625,60,223.634498,26.75,2,0,0,181
1037,27,7,0,5,62.5,277.2474024,50.5,0,0,0,853
1038,8,2,0,3.5,50,276.2471821,45,5,0,0,154
1039,6,3,0,2.375,47.5,190.815096,32.5,0,0,0,72
1040,12,4,1,2.77777778,57.77777778,749.2718617,33.6666666,3,0,0,212
1041,23,8,0,3.5,60,256.0117583,43.5,0,0,0,261
1042,23,8,0,3.5,60,256.0117583,43.5,0,0,0,259
1043,0,0,0,1.8,50,201.3293839,24,0,0,0,21
1044,13,5,0,2.25,55,413.2985755,35,0,0,0,366
1045,0,0,0,2,40,465.8234321,27,2,0,0,35
1046,8,2,0,1,30,316.2095439,15,2,0,0,21
1047,13,4,2,2.2,62,995.004853,19.8,0,0,0,109
1048,11,6,0,1.125,42.5,368.857597,9.75,3,0,0,154
1049,18,5,0,2.125,50,324.7122895,32.5,1,1,0,266
1050,13,8,0,4,52.5,381.0297872,45.25,0,0,0,475
1051,13,8,0,4,52.5,381.0297872,45.25,0,0,0,480
1052,13,8,0,4,52.5,381.0297872,45.25,0,0,0,480
1053,13,5,0,1.5,50,336.7841637,17.75,2,1,0,246
1054,15,4,0,2.5,60,373.3948509,14.125,1,1,0,210
1055,8,5,0,2.5,50,382.2116073,31,1,0,0,110
1056,34,4,0,2.875,55,353.5443761,33,2,0,0,310
1057,12,7,0,1.6,48,229.6434545,9.4,0,0,0,128
1058,14,5,0,1,32.5,297.5612322,10.54125,1,0,1,88
1059,3,1,0,2.33333333,50,628.1116371,23.5,0,0,1,48
1060,12,5,1,2,55,388.4146994,10.4285714,0,0,1,256
1061,12,4,0,1.5,37.5,319.4653625,17.5,2,0,0,127
1062,14,6,0,2.4,48,363.192031,15.25,1,0,0,112
1063,22,4,0,1,35,408.4302505,15,0,0,0,110
1064,16,6,0,1,32.5,382.6591688,14,2,0,0,108
1065,10,2,0,1.66666667,50,336.0892017,15.5,2,0,0,69
1066,2,3,0,1.33333333,43.33333333,421.7289371,13,1,1,0,101
1067,17,5,0,3.5,65,653.5707798,41.5,0,0,0,592
1068,12,1,0,2.66666667,53.33333333,449.8189686,26,0,0,0,130
1069,14,4,0,1.75,52.5,222.5584038,17.6666666,0,1,1,124
1070,15,5,0,2,50,582.564123,17.3333333,4,0,0,194
1071,12,4,0,2,40,447.7475201,16.6666666,3,0,0,173
1072,13,4,0,2.625,45,363.0337895,24,0,1,1,224
1073,15,5,0,1.75,47.5,403.3151535,14.4,2,0,0,105
1074,11,1,0,2.6,54,428.1582408,13.75,0,0,0,16
1075,12,4,0,1.75,45,388.8706289,17,0,1,0,86
1076,13,6,0,3.125,65,249.1792123,17.6,4,0,0,46
1077,25,6,0,2.25,60,488.7328902,21.5,0,0,0,241
1078,20,5,0,2.33333333,53.33333333,319.1240001,17.25,0,0,0,75
1079,21,5,0,3.375,65,246.8790846,23.25,1,0,0,381
1080,17,8,0,2,37.5,363.0897249,17.6666666,2,0,1,54
1081,19,8,0,2.25,37.5,254.4877851,18.3333333,2,0,0,98
1082,14,5,0,2.25,50,378.4931675,16.5,1,0,0,104
1083,10,2,0,1.66666667,33.33333333,439.2460864,18.5,0,0,0,31
